,Survived,Sex,Age,Fare,Embarked_0,Embarked_1,Embarked_2,Pclass_1,Pclass_2,Pclass_3,FamilySize
0,0,1,22.0,7.25,0,0,1,0,0,1,2
1,1,0,38.0,71.2833,1,0,0,1,0,0,2
2,1,0,26.0,7.925,0,0,1,0,0,1,1
3,1,0,35.0,53.1,0,0,1,1,0,0,2
4,0,1,35.0,8.05,0,0,1,0,0,1,1
5,0,1,29.6991176471,8.4583,0,1,0,0,0,1,1
6,0,1,54.0,51.8625,0,0,1,1,0,0,1
7,0,1,2.0,21.075,0,0,1,0,0,1,5
8,1,0,27.0,11.1333,0,0,1,0,0,1,3
9,1,0,14.0,30.0708,1,0,0,0,1,0,2
10,1,0,4.0,16.7,0,0,1,0,0,1,3
11,1,0,58.0,26.55,0,0,1,1,0,0,1
12,0,1,20.0,8.05,0,0,1,0,0,1,1
13,0,1,39.0,31.275,0,0,1,0,0,1,7
14,0,0,14.0,7.8542,0,0,1,0,0,1,1
15,1,0,55.0,16.0,0,0,1,0,1,0,1
16,0,1,2.0,29.125,0,1,0,0,0,1,6
17,1,1,29.6991176471,13.0,0,0,1,0,1,0,1
18,0,0,31.0,18.0,0,0,1,0,0,1,2
19,1,0,29.6991176471,7.225,1,0,0,0,0,1,1
20,0,1,35.0,26.0,0,0,1,0,1,0,1
21,1,1,34.0,13.0,0,0,1,0,1,0,1
22,1,0,15.0,8.0292,0,1,0,0,0,1,1
23,1,1,28.0,35.5,0,0,1,1,0,0,1
24,0,0,8.0,21.075,0,0,1,0,0,1,5
25,1,0,38.0,31.3875,0,0,1,0,0,1,7
26,0,1,29.6991176471,7.225,1,0,0,0,0,1,1
27,0,1,19.0,263.0,0,0,1,1,0,0,6
28,1,0,29.6991176471,7.8792,0,1,0,0,0,1,1
29,0,1,29.6991176471,7.8958,0,0,1,0,0,1,1
30,0,1,40.0,27.7208,1,0,0,1,0,0,1
31,1,0,29.6991176471,146.5208,1,0,0,1,0,0,2
32,1,0,29.6991176471,7.75,0,1,0,0,0,1,1
33,0,1,66.0,10.5,0,0,1,0,1,0,1
34,0,1,28.0,82.1708,1,0,0,1,0,0,2
35,0,1,42.0,52.0,0,0,1,1,0,0,2
36,1,1,29.6991176471,7.2292,1,0,0,0,0,1,1
37,0,1,21.0,8.05,0,0,1,0,0,1,1
38,0,0,18.0,18.0,0,0,1,0,0,1,3
39,1,0,14.0,11.2417,1,0,0,0,0,1,2
40,0,0,40.0,9.475,0,0,1,0,0,1,2
41,0,0,27.0,21.0,0,0,1,0,1,0,2
42,0,1,29.6991176471,7.8958,1,0,0,0,0,1,1
43,1,0,3.0,41.5792,1,0,0,0,1,0,4
44,1,0,19.0,7.8792,0,1,0,0,0,1,1
45,0,1,29.6991176471,8.05,0,0,1,0,0,1,1
46,0,1,29.6991176471,15.5,0,1,0,0,0,1,2
47,1,0,29.6991176471,7.75,0,1,0,0,0,1,1
48,0,1,29.6991176471,21.6792,1,0,0,0,0,1,3
49,0,0,18.0,17.8,0,0,1,0,0,1,2
50,0,1,7.0,39.6875,0,0,1,0,0,1,6
51,0,1,21.0,7.8,0,0,1,0,0,1,1
52,1,0,49.0,76.7292,1,0,0,1,0,0,2
53,1,0,29.0,26.0,0,0,1,0,1,0,2
54,0,1,65.0,61.9792,1,0,0,1,0,0,2
55,1,1,29.6991176471,35.5,0,0,1,1,0,0,1
56,1,0,21.0,10.5,0,0,1,0,1,0,1
57,0,1,28.5,7.2292,1,0,0,0,0,1,1
58,1,0,5.0,27.75,0,0,1,0,1,0,4
59,0,1,11.0,46.9,0,0,1,0,0,1,8
60,0,1,22.0,7.2292,1,0,0,0,0,1,1
61,1,0,38.0,80.0,0,0,1,1,0,0,1
62,0,1,45.0,83.475,0,0,1,1,0,0,2
63,0,1,4.0,27.9,0,0,1,0,0,1,6
64,0,1,29.6991176471,27.7208,1,0,0,1,0,0,1
65,1,1,29.6991176471,15.2458,1,0,0,0,0,1,3
66,1,0,29.0,10.5,0,0,1,0,1,0,1
67,0,1,19.0,8.1583,0,0,1,0,0,1,1
68,1,0,17.0,7.925,0,0,1,0,0,1,7
69,0,1,26.0,8.6625,0,0,1,0,0,1,3
70,0,1,32.0,10.5,0,0,1,0,1,0,1
71,0,0,16.0,46.9,0,0,1,0,0,1,8
72,0,1,21.0,73.5,0,0,1,0,1,0,1
73,0,1,26.0,14.4542,1,0,0,0,0,1,2
74,1,1,32.0,56.4958,0,0,1,0,0,1,1
75,0,1,25.0,7.65,0,0,1,0,0,1,1
76,0,1,29.6991176471,7.8958,0,0,1,0,0,1,1
77,0,1,29.6991176471,8.05,0,0,1,0,0,1,1
78,1,1,0.83,29.0,0,0,1,0,1,0,3
79,1,0,30.0,12.475,0,0,1,0,0,1,1
80,0,1,22.0,9.0,0,0,1,0,0,1,1
81,1,1,29.0,9.5,0,0,1,0,0,1,1
82,1,0,29.6991176471,7.7875,0,1,0,0,0,1,1
83,0,1,28.0,47.1,0,0,1,1,0,0,1
84,1,0,17.0,10.5,0,0,1,0,1,0,1
85,1,0,33.0,15.85,0,0,1,0,0,1,4
86,0,1,16.0,34.375,0,0,1,0,0,1,5
87,0,1,29.6991176471,8.05,0,0,1,0,0,1,1
88,1,0,23.0,263.0,0,0,1,1,0,0,6
89,0,1,24.0,8.05,0,0,1,0,0,1,1
90,0,1,29.0,8.05,0,0,1,0,0,1,1
91,0,1,20.0,7.8542,0,0,1,0,0,1,1
92,0,1,46.0,61.175,0,0,1,1,0,0,2
93,0,1,26.0,20.575,0,0,1,0,0,1,4
94,0,1,59.0,7.25,0,0,1,0,0,1,1
95,0,1,29.6991176471,8.05,0,0,1,0,0,1,1
96,0,1,71.0,34.6542,1,0,0,1,0,0,1
97,1,1,23.0,63.3583,1,0,0,1,0,0,2
98,1,0,34.0,23.0,0,0,1,0,1,0,2
99,0,1,34.0,26.0,0,0,1,0,1,0,2
100,0,0,28.0,7.8958,0,0,1,0,0,1,1
101,0,1,29.6991176471,7.8958,0,0,1,0,0,1,1
102,0,1,21.0,77.2875,0,0,1,1,0,0,2
103,0,1,33.0,8.6542,0,0,1,0,0,1,1
104,0,1,37.0,7.925,0,0,1,0,0,1,3
105,0,1,28.0,7.8958,0,0,1,0,0,1,1
106,1,0,21.0,7.65,0,0,1,0,0,1,1
107,1,1,29.6991176471,7.775,0,0,1,0,0,1,1
108,0,1,38.0,7.8958,0,0,1,0,0,1,1
109,1,0,29.6991176471,24.15,0,1,0,0,0,1,2
110,0,1,47.0,52.0,0,0,1,1,0,0,1
111,0,0,14.5,14.4542,1,0,0,0,0,1,2
112,0,1,22.0,8.05,0,0,1,0,0,1,1
113,0,0,20.0,9.825,0,0,1,0,0,1,2
114,0,0,17.0,14.4583,1,0,0,0,0,1,1
115,0,1,21.0,7.925,0,0,1,0,0,1,1
116,0,1,70.5,7.75,0,1,0,0,0,1,1
117,0,1,29.0,21.0,0,0,1,0,1,0,2
118,0,1,24.0,247.5208,1,0,0,1,0,0,2
119,0,0,2.0,31.275,0,0,1,0,0,1,7
120,0,1,21.0,73.5,0,0,1,0,1,0,3
121,0,1,29.6991176471,8.05,0,0,1,0,0,1,1
122,0,1,32.5,30.0708,1,0,0,0,1,0,2
123,1,0,32.5,13.0,0,0,1,0,1,0,1
124,0,1,54.0,77.2875,0,0,1,1,0,0,2
125,1,1,12.0,11.2417,1,0,0,0,0,1,2
126,0,1,29.6991176471,7.75,0,1,0,0,0,1,1
127,1,1,24.0,7.1417,0,0,1,0,0,1,1
128,1,0,29.6991176471,22.3583,1,0,0,0,0,1,3
129,0,1,45.0,6.975,0,0,1,0,0,1,1
130,0,1,33.0,7.8958,1,0,0,0,0,1,1
131,0,1,20.0,7.05,0,0,1,0,0,1,1
132,0,0,47.0,14.5,0,0,1,0,0,1,2
133,1,0,29.0,26.0,0,0,1,0,1,0,2
134,0,1,25.0,13.0,0,0,1,0,1,0,1
135,0,1,23.0,15.0458,1,0,0,0,1,0,1
136,1,0,19.0,26.2833,0,0,1,1,0,0,3
137,0,1,37.0,53.1,0,0,1,1,0,0,2
138,0,1,16.0,9.2167,0,0,1,0,0,1,1
139,0,1,24.0,79.2,1,0,0,1,0,0,1
140,0,0,29.6991176471,15.2458,1,0,0,0,0,1,3
141,1,0,22.0,7.75,0,0,1,0,0,1,1
142,1,0,24.0,15.85,0,0,1,0,0,1,2
143,0,1,19.0,6.75,0,1,0,0,0,1,1
144,0,1,18.0,11.5,0,0,1,0,1,0,1
145,0,1,19.0,36.75,0,0,1,0,1,0,3
146,1,1,27.0,7.7958,0,0,1,0,0,1,1
147,0,0,9.0,34.375,0,0,1,0,0,1,5
148,0,1,36.5,26.0,0,0,1,0,1,0,3
149,0,1,42.0,13.0,0,0,1,0,1,0,1
150,0,1,51.0,12.525,0,0,1,0,1,0,1
151,1,0,22.0,66.6,0,0,1,1,0,0,2
152,0,1,55.5,8.05,0,0,1,0,0,1,1
153,0,1,40.5,14.5,0,0,1,0,0,1,3
154,0,1,29.6991176471,7.3125,0,0,1,0,0,1,1
155,0,1,51.0,61.3792,1,0,0,1,0,0,2
156,1,0,16.0,7.7333,0,1,0,0,0,1,1
157,0,1,30.0,8.05,0,0,1,0,0,1,1
158,0,1,29.6991176471,8.6625,0,0,1,0,0,1,1
159,0,1,29.6991176471,69.55,0,0,1,0,0,1,11
160,0,1,44.0,16.1,0,0,1,0,0,1,2
161,1,0,40.0,15.75,0,0,1,0,1,0,1
162,0,1,26.0,7.775,0,0,1,0,0,1,1
163,0,1,17.0,8.6625,0,0,1,0,0,1,1
164,0,1,1.0,39.6875,0,0,1,0,0,1,6
165,1,1,9.0,20.525,0,0,1,0,0,1,3
166,1,0,29.6991176471,55.0,0,0,1,1,0,0,2
167,0,0,45.0,27.9,0,0,1,0,0,1,6
168,0,1,29.6991176471,25.925,0,0,1,1,0,0,1
169,0,1,28.0,56.4958,0,0,1,0,0,1,1
170,0,1,61.0,33.5,0,0,1,1,0,0,1
171,0,1,4.0,29.125,0,1,0,0,0,1,6
172,1,0,1.0,11.1333,0,0,1,0,0,1,3
173,0,1,21.0,7.925,0,0,1,0,0,1,1
174,0,1,56.0,30.6958,1,0,0,1,0,0,1
175,0,1,18.0,7.8542,0,0,1,0,0,1,3
176,0,1,29.6991176471,25.4667,0,0,1,0,0,1,5
177,0,0,50.0,28.7125,1,0,0,1,0,0,1
178,0,1,30.0,13.0,0,0,1,0,1,0,1
179,0,1,36.0,0.0,0,0,1,0,0,1,1
180,0,0,29.6991176471,69.55,0,0,1,0,0,1,11
181,0,1,29.6991176471,15.05,1,0,0,0,1,0,1
182,0,1,9.0,31.3875,0,0,1,0,0,1,7
183,1,1,1.0,39.0,0,0,1,0,1,0,4
184,1,0,4.0,22.025,0,0,1,0,0,1,3
185,0,1,29.6991176471,50.0,0,0,1,1,0,0,1
186,1,0,29.6991176471,15.5,0,1,0,0,0,1,2
187,1,1,45.0,26.55,0,0,1,1,0,0,1
188,0,1,40.0,15.5,0,1,0,0,0,1,3
189,0,1,36.0,7.8958,0,0,1,0,0,1,1
190,1,0,32.0,13.0,0,0,1,0,1,0,1
191,0,1,19.0,13.0,0,0,1,0,1,0,1
192,1,0,19.0,7.8542,0,0,1,0,0,1,2
193,1,1,3.0,26.0,0,0,1,0,1,0,3
194,1,0,44.0,27.7208,1,0,0,1,0,0,1
195,1,0,58.0,146.5208,1,0,0,1,0,0,1
196,0,1,29.6991176471,7.75,0,1,0,0,0,1,1
197,0,1,42.0,8.4042,0,0,1,0,0,1,2
198,1,0,29.6991176471,7.75,0,1,0,0,0,1,1
199,0,0,24.0,13.0,0,0,1,0,1,0,1
200,0,1,28.0,9.5,0,0,1,0,0,1,1
201,0,1,29.6991176471,69.55,0,0,1,0,0,1,11
202,0,1,34.0,6.4958,0,0,1,0,0,1,1
203,0,1,45.5,7.225,1,0,0,0,0,1,1
204,1,1,18.0,8.05,0,0,1,0,0,1,1
205,0,0,2.0,10.4625,0,0,1,0,0,1,2
206,0,1,32.0,15.85,0,0,1,0,0,1,2
207,1,1,26.0,18.7875,1,0,0,0,0,1,1
208,1,0,16.0,7.75,0,1,0,0,0,1,1
209,1,1,40.0,31.0,1,0,0,1,0,0,1
210,0,1,24.0,7.05,0,0,1,0,0,1,1
211,1,0,35.0,21.0,0,0,1,0,1,0,1
212,0,1,22.0,7.25,0,0,1,0,0,1,1
213,0,1,30.0,13.0,0,0,1,0,1,0,1
214,0,1,29.6991176471,7.75,0,1,0,0,0,1,2
215,1,0,31.0,113.275,1,0,0,1,0,0,2
216,1,0,27.0,7.925,0,0,1,0,0,1,1
217,0,1,42.0,27.0,0,0,1,0,1,0,2
218,1,0,32.0,76.2917,1,0,0,1,0,0,1
219,0,1,30.0,10.5,0,0,1,0,1,0,1
220,1,1,16.0,8.05,0,0,1,0,0,1,1
221,0,1,27.0,13.0,0,0,1,0,1,0,1
222,0,1,51.0,8.05,0,0,1,0,0,1,1
223,0,1,29.6991176471,7.8958,0,0,1,0,0,1,1
224,1,1,38.0,90.0,0,0,1,1,0,0,2
225,0,1,22.0,9.35,0,0,1,0,0,1,1
226,1,1,19.0,10.5,0,0,1,0,1,0,1
227,0,1,20.5,7.25,0,0,1,0,0,1,1
228,0,1,18.0,13.0,0,0,1,0,1,0,1
229,0,0,29.6991176471,25.4667,0,0,1,0,0,1,5
230,1,0,35.0,83.475,0,0,1,1,0,0,2
231,0,1,29.0,7.775,0,0,1,0,0,1,1
232,0,1,59.0,13.5,0,0,1,0,1,0,1
233,1,0,5.0,31.3875,0,0,1,0,0,1,7
234,0,1,24.0,10.5,0,0,1,0,1,0,1
235,0,0,29.6991176471,7.55,0,0,1,0,0,1,1
236,0,1,44.0,26.0,0,0,1,0,1,0,2
237,1,0,8.0,26.25,0,0,1,0,1,0,3
238,0,1,19.0,10.5,0,0,1,0,1,0,1
239,0,1,33.0,12.275,0,0,1,0,1,0,1
240,0,0,29.6991176471,14.4542,1,0,0,0,0,1,2
241,1,0,29.6991176471,15.5,0,1,0,0,0,1,2
242,0,1,29.0,10.5,0,0,1,0,1,0,1
243,0,1,22.0,7.125,0,0,1,0,0,1,1
244,0,1,30.0,7.225,1,0,0,0,0,1,1
245,0,1,44.0,90.0,0,1,0,1,0,0,3
246,0,0,25.0,7.775,0,0,1,0,0,1,1
247,1,0,24.0,14.5,0,0,1,0,1,0,3
248,1,1,37.0,52.5542,0,0,1,1,0,0,3
249,0,1,54.0,26.0,0,0,1,0,1,0,2
250,0,1,29.6991176471,7.25,0,0,1,0,0,1,1
251,0,0,29.0,10.4625,0,0,1,0,0,1,3
252,0,1,62.0,26.55,0,0,1,1,0,0,1
253,0,1,30.0,16.1,0,0,1,0,0,1,2
254,0,0,41.0,20.2125,0,0,1,0,0,1,3
255,1,0,29.0,15.2458,1,0,0,0,0,1,3
256,1,0,29.6991176471,79.2,1,0,0,1,0,0,1
257,1,0,30.0,86.5,0,0,1,1,0,0,1
258,1,0,35.0,512.3292,1,0,0,1,0,0,1
259,1,0,50.0,26.0,0,0,1,0,1,0,2
260,0,1,29.6991176471,7.75,0,1,0,0,0,1,1
261,1,1,3.0,31.3875,0,0,1,0,0,1,7
262,0,1,52.0,79.65,0,0,1,1,0,0,3
263,0,1,40.0,0.0,0,0,1,1,0,0,1
264,0,0,29.6991176471,7.75,0,1,0,0,0,1,1
265,0,1,36.0,10.5,0,0,1,0,1,0,1
266,0,1,16.0,39.6875,0,0,1,0,0,1,6
267,1,1,25.0,7.775,0,0,1,0,0,1,2
268,1,0,58.0,153.4625,0,0,1,1,0,0,2
269,1,0,35.0,135.6333,0,0,1,1,0,0,1
270,0,1,29.6991176471,31.0,0,0,1,1,0,0,1
271,1,1,25.0,0.0,0,0,1,0,0,1,1
272,1,0,41.0,19.5,0,0,1,0,1,0,2
273,0,1,37.0,29.7,1,0,0,1,0,0,2
274,1,0,29.6991176471,7.75,0,1,0,0,0,1,1
275,1,0,63.0,77.9583,0,0,1,1,0,0,2
276,0,0,45.0,7.75,0,0,1,0,0,1,1
277,0,1,29.6991176471,0.0,0,0,1,0,1,0,1
278,0,1,7.0,29.125,0,1,0,0,0,1,6
279,1,0,35.0,20.25,0,0,1,0,0,1,3
280,0,1,65.0,7.75,0,1,0,0,0,1,1
281,0,1,28.0,7.8542,0,0,1,0,0,1,1
282,0,1,16.0,9.5,0,0,1,0,0,1,1
283,1,1,19.0,8.05,0,0,1,0,0,1,1
284,0,1,29.6991176471,26.0,0,0,1,1,0,0,1
285,0,1,33.0,8.6625,1,0,0,0,0,1,1
286,1,1,30.0,9.5,0,0,1,0,0,1,1
287,0,1,22.0,7.8958,0,0,1,0,0,1,1
288,1,1,42.0,13.0,0,0,1,0,1,0,1
289,1,0,22.0,7.75,0,1,0,0,0,1,1
290,1,0,26.0,78.85,0,0,1,1,0,0,1
291,1,0,19.0,91.0792,1,0,0,1,0,0,2
292,0,1,36.0,12.875,1,0,0,0,1,0,1
293,0,0,24.0,8.85,0,0,1,0,0,1,1
294,0,1,24.0,7.8958,0,0,1,0,0,1,1
295,0,1,29.6991176471,27.7208,1,0,0,1,0,0,1
296,0,1,23.5,7.2292,1,0,0,0,0,1,1
297,0,0,2.0,151.55,0,0,1,1,0,0,4
298,1,1,29.6991176471,30.5,0,0,1,1,0,0,1
299,1,0,50.0,247.5208,1,0,0,1,0,0,2
300,1,0,29.6991176471,7.75,0,1,0,0,0,1,1
301,1,1,29.6991176471,23.25,0,1,0,0,0,1,3
302,0,1,19.0,0.0,0,0,1,0,0,1,1
303,1,0,29.6991176471,12.35,0,1,0,0,1,0,1
304,0,1,29.6991176471,8.05,0,0,1,0,0,1,1
305,1,1,0.92,151.55,0,0,1,1,0,0,4
306,1,0,29.6991176471,110.8833,1,0,0,1,0,0,1
307,1,0,17.0,108.9,1,0,0,1,0,0,2
308,0,1,30.0,24.0,1,0,0,0,1,0,2
309,1,0,30.0,56.9292,1,0,0,1,0,0,1
310,1,0,24.0,83.1583,1,0,0,1,0,0,1
311,1,0,18.0,262.375,1,0,0,1,0,0,5
312,0,0,26.0,26.0,0,0,1,0,1,0,3
313,0,1,28.0,7.8958,0,0,1,0,0,1,1
314,0,1,43.0,26.25,0,0,1,0,1,0,3
315,1,0,26.0,7.8542,0,0,1,0,0,1,1
316,1,0,24.0,26.0,0,0,1,0,1,0,2
317,0,1,54.0,14.0,0,0,1,0,1,0,1
318,1,0,31.0,164.8667,0,0,1,1,0,0,3
319,1,0,40.0,134.5,1,0,0,1,0,0,3
320,0,1,22.0,7.25,0,0,1,0,0,1,1
321,0,1,27.0,7.8958,0,0,1,0,0,1,1
322,1,0,30.0,12.35,0,1,0,0,1,0,1
323,1,0,22.0,29.0,0,0,1,0,1,0,3
324,0,1,29.6991176471,69.55,0,0,1,0,0,1,11
325,1,0,36.0,135.6333,1,0,0,1,0,0,1
326,0,1,61.0,6.2375,0,0,1,0,0,1,1
327,1,0,36.0,13.0,0,0,1,0,1,0,1
328,1,0,31.0,20.525,0,0,1,0,0,1,3
329,1,0,16.0,57.9792,1,0,0,1,0,0,2
330,1,0,29.6991176471,23.25,0,1,0,0,0,1,3
331,0,1,45.5,28.5,0,0,1,1,0,0,1
332,0,1,38.0,153.4625,0,0,1,1,0,0,2
333,0,1,16.0,18.0,0,0,1,0,0,1,3
334,1,0,29.6991176471,133.65,0,0,1,1,0,0,2
335,0,1,29.6991176471,7.8958,0,0,1,0,0,1,1
336,0,1,29.0,66.6,0,0,1,1,0,0,2
337,1,0,41.0,134.5,1,0,0,1,0,0,1
338,1,1,45.0,8.05,0,0,1,0,0,1,1
339,0,1,45.0,35.5,0,0,1,1,0,0,1
340,1,1,2.0,26.0,0,0,1,0,1,0,3
341,1,0,24.0,263.0,0,0,1,1,0,0,6
342,0,1,28.0,13.0,0,0,1,0,1,0,1
343,0,1,25.0,13.0,0,0,1,0,1,0,1
344,0,1,36.0,13.0,0,0,1,0,1,0,1
345,1,0,24.0,13.0,0,0,1,0,1,0,1
346,1,0,40.0,13.0,0,0,1,0,1,0,1
347,1,0,29.6991176471,16.1,0,0,1,0,0,1,2
348,1,1,3.0,15.9,0,0,1,0,0,1,3
349,0,1,42.0,8.6625,0,0,1,0,0,1,1
350,0,1,23.0,9.225,0,0,1,0,0,1,1
351,0,1,29.6991176471,35.0,0,0,1,1,0,0,1
352,0,1,15.0,7.2292,1,0,0,0,0,1,3
353,0,1,25.0,17.8,0,0,1,0,0,1,2
354,0,1,29.6991176471,7.225,1,0,0,0,0,1,1
355,0,1,28.0,9.5,0,0,1,0,0,1,1
356,1,0,22.0,55.0,0,0,1,1,0,0,2
357,0,0,38.0,13.0,0,0,1,0,1,0,1
358,1,0,29.6991176471,7.8792,0,1,0,0,0,1,1
359,1,0,29.6991176471,7.8792,0,1,0,0,0,1,1
360,0,1,40.0,27.9,0,0,1,0,0,1,6
361,0,1,29.0,27.7208,1,0,0,0,1,0,2
362,0,0,45.0,14.4542,1,0,0,0,0,1,2
363,0,1,35.0,7.05,0,0,1,0,0,1,1
364,0,1,29.6991176471,15.5,0,1,0,0,0,1,2
365,0,1,30.0,7.25,0,0,1,0,0,1,1
366,1,0,60.0,75.25,1,0,0,1,0,0,2
367,1,0,29.6991176471,7.2292,1,0,0,0,0,1,1
368,1,0,29.6991176471,7.75,0,1,0,0,0,1,1
369,1,0,24.0,69.3,1,0,0,1,0,0,1
370,1,1,25.0,55.4417,1,0,0,1,0,0,2
371,0,1,18.0,6.4958,0,0,1,0,0,1,2
372,0,1,19.0,8.05,0,0,1,0,0,1,1
373,0,1,22.0,135.6333,1,0,0,1,0,0,1
374,0,0,3.0,21.075,0,0,1,0,0,1,5
375,1,0,29.6991176471,82.1708,1,0,0,1,0,0,2
376,1,0,22.0,7.25,0,0,1,0,0,1,1
377,0,1,27.0,211.5,1,0,0,1,0,0,3
378,0,1,20.0,4.0125,1,0,0,0,0,1,1
379,0,1,19.0,7.775,0,0,1,0,0,1,1
380,1,0,42.0,227.525,1,0,0,1,0,0,1
381,1,0,1.0,15.7417,1,0,0,0,0,1,3
382,0,1,32.0,7.925,0,0,1,0,0,1,1
383,1,0,35.0,52.0,0,0,1,1,0,0,2
384,0,1,29.6991176471,7.8958,0,0,1,0,0,1,1
385,0,1,18.0,73.5,0,0,1,0,1,0,1
386,0,1,1.0,46.9,0,0,1,0,0,1,8
387,1,0,36.0,13.0,0,0,1,0,1,0,1
388,0,1,29.6991176471,7.7292,0,1,0,0,0,1,1
389,1,0,17.0,12.0,1,0,0,0,1,0,1
390,1,1,36.0,120.0,0,0,1,1,0,0,4
391,1,1,21.0,7.7958,0,0,1,0,0,1,1
392,0,1,28.0,7.925,0,0,1,0,0,1,3
393,1,0,23.0,113.275,1,0,0,1,0,0,2
394,1,0,24.0,16.7,0,0,1,0,0,1,3
395,0,1,22.0,7.7958,0,0,1,0,0,1,1
396,0,0,31.0,7.8542,0,0,1,0,0,1,1
397,0,1,46.0,26.0,0,0,1,0,1,0,1
398,0,1,23.0,10.5,0,0,1,0,1,0,1
399,1,0,28.0,12.65,0,0,1,0,1,0,1
400,1,1,39.0,7.925,0,0,1,0,0,1,1
401,0,1,26.0,8.05,0,0,1,0,0,1,1
402,0,0,21.0,9.825,0,0,1,0,0,1,2
403,0,1,28.0,15.85,0,0,1,0,0,1,2
404,0,0,20.0,8.6625,0,0,1,0,0,1,1
405,0,1,34.0,21.0,0,0,1,0,1,0,2
406,0,1,51.0,7.75,0,0,1,0,0,1,1
407,1,1,3.0,18.75,0,0,1,0,1,0,3
408,0,1,21.0,7.775,0,0,1,0,0,1,1
409,0,0,29.6991176471,25.4667,0,0,1,0,0,1,5
410,0,1,29.6991176471,7.8958,0,0,1,0,0,1,1
411,0,1,29.6991176471,6.8583,0,1,0,0,0,1,1
412,1,0,33.0,90.0,0,1,0,1,0,0,2
413,0,1,29.6991176471,0.0,0,0,1,0,1,0,1
414,1,1,44.0,7.925,0,0,1,0,0,1,1
415,0,0,29.6991176471,8.05,0,0,1,0,0,1,1
416,1,0,34.0,32.5,0,0,1,0,1,0,3
417,1,0,18.0,13.0,0,0,1,0,1,0,3
418,0,1,30.0,13.0,0,0,1,0,1,0,1
419,0,0,10.0,24.15,0,0,1,0,0,1,3
420,0,1,29.6991176471,7.8958,1,0,0,0,0,1,1
421,0,1,21.0,7.7333,0,1,0,0,0,1,1
422,0,1,29.0,7.875,0,0,1,0,0,1,1
423,0,0,28.0,14.4,0,0,1,0,0,1,3
424,0,1,18.0,20.2125,0,0,1,0,0,1,3
425,0,1,29.6991176471,7.25,0,0,1,0,0,1,1
426,1,0,28.0,26.0,0,0,1,0,1,0,2
427,1,0,19.0,26.0,0,0,1,0,1,0,1
428,0,1,29.6991176471,7.75,0,1,0,0,0,1,1
429,1,1,32.0,8.05,0,0,1,0,0,1,1
430,1,1,28.0,26.55,0,0,1,1,0,0,1
431,1,0,29.6991176471,16.1,0,0,1,0,0,1,2
432,1,0,42.0,26.0,0,0,1,0,1,0,2
433,0,1,17.0,7.125,0,0,1,0,0,1,1
434,0,1,50.0,55.9,0,0,1,1,0,0,2
435,1,0,14.0,120.0,0,0,1,1,0,0,4
436,0,0,21.0,34.375,0,0,1,0,0,1,5
437,1,0,24.0,18.75,0,0,1,0,1,0,6
438,0,1,64.0,263.0,0,0,1,1,0,0,6
439,0,1,31.0,10.5,0,0,1,0,1,0,1
440,1,0,45.0,26.25,0,0,1,0,1,0,3
441,0,1,20.0,9.5,0,0,1,0,0,1,1
442,0,1,25.0,7.775,0,0,1,0,0,1,2
443,1,0,28.0,13.0,0,0,1,0,1,0,1
444,1,1,29.6991176471,8.1125,0,0,1,0,0,1,1
445,1,1,4.0,81.8583,0,0,1,1,0,0,3
446,1,0,13.0,19.5,0,0,1,0,1,0,2
447,1,1,34.0,26.55,0,0,1,1,0,0,1
448,1,0,5.0,19.2583,1,0,0,0,0,1,4
449,1,1,52.0,30.5,0,0,1,1,0,0,1
450,0,1,36.0,27.75,0,0,1,0,1,0,4
451,0,1,29.6991176471,19.9667,0,0,1,0,0,1,2
452,0,1,30.0,27.75,1,0,0,1,0,0,1
453,1,1,49.0,89.1042,1,0,0,1,0,0,2
454,0,1,29.6991176471,8.05,0,0,1,0,0,1,1
455,1,1,29.0,7.8958,1,0,0,0,0,1,1
456,0,1,65.0,26.55,0,0,1,1,0,0,1
457,1,0,29.6991176471,51.8625,0,0,1,1,0,0,2
458,1,0,50.0,10.5,0,0,1,0,1,0,1
459,0,1,29.6991176471,7.75,0,1,0,0,0,1,1
460,1,1,48.0,26.55,0,0,1,1,0,0,1
461,0,1,34.0,8.05,0,0,1,0,0,1,1
462,0,1,47.0,38.5,0,0,1,1,0,0,1
463,0,1,48.0,13.0,0,0,1,0,1,0,1
464,0,1,29.6991176471,8.05,0,0,1,0,0,1,1
465,0,1,38.0,7.05,0,0,1,0,0,1,1
466,0,1,29.6991176471,0.0,0,0,1,0,1,0,1
467,0,1,56.0,26.55,0,0,1,1,0,0,1
468,0,1,29.6991176471,7.725,0,1,0,0,0,1,1
469,1,0,0.75,19.2583,1,0,0,0,0,1,4
470,0,1,29.6991176471,7.25,0,0,1,0,0,1,1
471,0,1,38.0,8.6625,0,0,1,0,0,1,1
472,1,0,33.0,27.75,0,0,1,0,1,0,4
473,1,0,23.0,13.7917,1,0,0,0,1,0,1
474,0,0,22.0,9.8375,0,0,1,0,0,1,1
475,0,1,29.6991176471,52.0,0,0,1,1,0,0,1
476,0,1,34.0,21.0,0,0,1,0,1,0,2
477,0,1,29.0,7.0458,0,0,1,0,0,1,2
478,0,1,22.0,7.5208,0,0,1,0,0,1,1
479,1,0,2.0,12.2875,0,0,1,0,0,1,2
480,0,1,9.0,46.9,0,0,1,0,0,1,8
481,0,1,29.6991176471,0.0,0,0,1,0,1,0,1
482,0,1,50.0,8.05,0,0,1,0,0,1,1
483,1,0,63.0,9.5875,0,0,1,0,0,1,1
484,1,1,25.0,91.0792,1,0,0,1,0,0,2
485,0,0,29.6991176471,25.4667,0,0,1,0,0,1,5
486,1,0,35.0,90.0,0,0,1,1,0,0,2
487,0,1,58.0,29.7,1,0,0,1,0,0,1
488,0,1,30.0,8.05,0,0,1,0,0,1,1
489,1,1,9.0,15.9,0,0,1,0,0,1,3
490,0,1,29.6991176471,19.9667,0,0,1,0,0,1,2
491,0,1,21.0,7.25,0,0,1,0,0,1,1
492,0,1,55.0,30.5,0,0,1,1,0,0,1
493,0,1,71.0,49.5042,1,0,0,1,0,0,1
494,0,1,21.0,8.05,0,0,1,0,0,1,1
495,0,1,29.6991176471,14.4583,1,0,0,0,0,1,1
496,1,0,54.0,78.2667,1,0,0,1,0,0,2
497,0,1,29.6991176471,15.1,0,0,1,0,0,1,1
498,0,0,25.0,151.55,0,0,1,1,0,0,4
499,0,1,24.0,7.7958,0,0,1,0,0,1,1
500,0,1,17.0,8.6625,0,0,1,0,0,1,1
501,0,0,21.0,7.75,0,1,0,0,0,1,1
502,0,0,29.6991176471,7.6292,0,1,0,0,0,1,1
503,0,0,37.0,9.5875,0,0,1,0,0,1,1
504,1,0,16.0,86.5,0,0,1,1,0,0,1
505,0,1,18.0,108.9,1,0,0,1,0,0,2
506,1,0,33.0,26.0,0,0,1,0,1,0,3
507,1,1,29.6991176471,26.55,0,0,1,1,0,0,1
508,0,1,28.0,22.525,0,0,1,0,0,1,1
509,1,1,26.0,56.4958,0,0,1,0,0,1,1
510,1,1,29.0,7.75,0,1,0,0,0,1,1
511,0,1,29.6991176471,8.05,0,0,1,0,0,1,1
512,1,1,36.0,26.2875,0,0,1,1,0,0,1
513,1,0,54.0,59.4,1,0,0,1,0,0,2
514,0,1,24.0,7.4958,0,0,1,0,0,1,1
515,0,1,47.0,34.0208,0,0,1,1,0,0,1
516,1,0,34.0,10.5,0,0,1,0,1,0,1
517,0,1,29.6991176471,24.15,0,1,0,0,0,1,1
518,1,0,36.0,26.0,0,0,1,0,1,0,2
519,0,1,32.0,7.8958,0,0,1,0,0,1,1
520,1,0,30.0,93.5,0,0,1,1,0,0,1
521,0,1,22.0,7.8958,0,0,1,0,0,1,1
522,0,1,29.6991176471,7.225,1,0,0,0,0,1,1
523,1,0,44.0,57.9792,1,0,0,1,0,0,2
524,0,1,29.6991176471,7.2292,1,0,0,0,0,1,1
525,0,1,40.5,7.75,0,1,0,0,0,1,1
526,1,0,50.0,10.5,0,0,1,0,1,0,1
527,0,1,29.6991176471,221.7792,0,0,1,1,0,0,1
528,0,1,39.0,7.925,0,0,1,0,0,1,1
529,0,1,23.0,11.5,0,0,1,0,1,0,4
530,1,0,2.0,26.0,0,0,1,0,1,0,3
531,0,1,29.6991176471,7.2292,1,0,0,0,0,1,1
532,0,1,17.0,7.2292,1,0,0,0,0,1,3
533,1,0,29.6991176471,22.3583,1,0,0,0,0,1,3
534,0,0,30.0,8.6625,0,0,1,0,0,1,1
535,1,0,7.0,26.25,0,0,1,0,1,0,3
536,0,1,45.0,26.55,0,0,1,1,0,0,1
537,1,0,30.0,106.425,1,0,0,1,0,0,1
538,0,1,29.6991176471,14.5,0,0,1,0,0,1,1
539,1,0,22.0,49.5,1,0,0,1,0,0,3
540,1,0,36.0,71.0,0,0,1,1,0,0,3
541,0,0,9.0,31.275,0,0,1,0,0,1,7
542,0,0,11.0,31.275,0,0,1,0,0,1,7
543,1,1,32.0,26.0,0,0,1,0,1,0,2
544,0,1,50.0,106.425,1,0,0,1,0,0,2
545,0,1,64.0,26.0,0,0,1,1,0,0,1
546,1,0,19.0,26.0,0,0,1,0,1,0,2
547,1,1,29.6991176471,13.8625,1,0,0,0,1,0,1
548,0,1,33.0,20.525,0,0,1,0,0,1,3
549,1,1,8.0,36.75,0,0,1,0,1,0,3
550,1,1,17.0,110.8833,1,0,0,1,0,0,3
551,0,1,27.0,26.0,0,0,1,0,1,0,1
552,0,1,29.6991176471,7.8292,0,1,0,0,0,1,1
553,1,1,22.0,7.225,1,0,0,0,0,1,1
554,1,0,22.0,7.775,0,0,1,0,0,1,1
555,0,1,62.0,26.55,0,0,1,1,0,0,1
556,1,0,48.0,39.6,1,0,0,1,0,0,2
557,0,1,29.6991176471,227.525,1,0,0,1,0,0,1
558,1,0,39.0,79.65,0,0,1,1,0,0,3
559,1,0,36.0,17.4,0,0,1,0,0,1,2
560,0,1,29.6991176471,7.75,0,1,0,0,0,1,1
561,0,1,40.0,7.8958,0,0,1,0,0,1,1
562,0,1,28.0,13.5,0,0,1,0,1,0,1
563,0,1,29.6991176471,8.05,0,0,1,0,0,1,1
564,0,0,29.6991176471,8.05,0,0,1,0,0,1,1
565,0,1,24.0,24.15,0,0,1,0,0,1,3
566,0,1,19.0,7.8958,0,0,1,0,0,1,1
567,0,0,29.0,21.075,0,0,1,0,0,1,5
568,0,1,29.6991176471,7.2292,1,0,0,0,0,1,1
569,1,1,32.0,7.8542,0,0,1,0,0,1,1
570,1,1,62.0,10.5,0,0,1,0,1,0,1
571,1,0,53.0,51.4792,0,0,1,1,0,0,3
572,1,1,36.0,26.3875,0,0,1,1,0,0,1
573,1,0,29.6991176471,7.75,0,1,0,0,0,1,1
574,0,1,16.0,8.05,0,0,1,0,0,1,1
575,0,1,19.0,14.5,0,0,1,0,0,1,1
576,1,0,34.0,13.0,0,0,1,0,1,0,1
577,1,0,39.0,55.9,0,0,1,1,0,0,2
578,0,0,29.6991176471,14.4583,1,0,0,0,0,1,2
579,1,1,32.0,7.925,0,0,1,0,0,1,1
580,1,0,25.0,30.0,0,0,1,0,1,0,3
581,1,0,39.0,110.8833,1,0,0,1,0,0,3
582,0,1,54.0,26.0,0,0,1,0,1,0,1
583,0,1,36.0,40.125,1,0,0,1,0,0,1
584,0,1,29.6991176471,8.7125,1,0,0,0,0,1,1
585,1,0,18.0,79.65,0,0,1,1,0,0,3
586,0,1,47.0,15.0,0,0,1,0,1,0,1
587,1,1,60.0,79.2,1,0,0,1,0,0,3
588,0,1,22.0,8.05,0,0,1,0,0,1,1
589,0,1,29.6991176471,8.05,0,0,1,0,0,1,1
590,0,1,35.0,7.125,0,0,1,0,0,1,1
591,1,0,52.0,78.2667,1,0,0,1,0,0,2
592,0,1,47.0,7.25,0,0,1,0,0,1,1
593,0,0,29.6991176471,7.75,0,1,0,0,0,1,3
594,0,1,37.0,26.0,0,0,1,0,1,0,2
595,0,1,36.0,24.15,0,0,1,0,0,1,3
596,1,0,29.6991176471,33.0,0,0,1,0,1,0,1
597,0,1,49.0,0.0,0,0,1,0,0,1,1
598,0,1,29.6991176471,7.225,1,0,0,0,0,1,1
599,1,1,49.0,56.9292,1,0,0,1,0,0,2
600,1,0,24.0,27.0,0,0,1,0,1,0,4
601,0,1,29.6991176471,7.8958,0,0,1,0,0,1,1
602,0,1,29.6991176471,42.4,0,0,1,1,0,0,1
603,0,1,44.0,8.05,0,0,1,0,0,1,1
604,1,1,35.0,26.55,1,0,0,1,0,0,1
605,0,1,36.0,15.55,0,0,1,0,0,1,2
606,0,1,30.0,7.8958,0,0,1,0,0,1,1
607,1,1,27.0,30.5,0,0,1,1,0,0,1
608,1,0,22.0,41.5792,1,0,0,0,1,0,4
609,1,0,40.0,153.4625,0,0,1,1,0,0,1
610,0,0,39.0,31.275,0,0,1,0,0,1,7
611,0,1,29.6991176471,7.05,0,0,1,0,0,1,1
612,1,0,29.6991176471,15.5,0,1,0,0,0,1,2
613,0,1,29.6991176471,7.75,0,1,0,0,0,1,1
614,0,1,35.0,8.05,0,0,1,0,0,1,1
615,1,0,24.0,65.0,0,0,1,0,1,0,4
616,0,1,34.0,14.4,0,0,1,0,0,1,3
617,0,0,26.0,16.1,0,0,1,0,0,1,2
618,1,0,4.0,39.0,0,0,1,0,1,0,4
619,0,1,26.0,10.5,0,0,1,0,1,0,1
620,0,1,27.0,14.4542,1,0,0,0,0,1,2
621,1,1,42.0,52.5542,0,0,1,1,0,0,2
622,1,1,20.0,15.7417,1,0,0,0,0,1,3
623,0,1,21.0,7.8542,0,0,1,0,0,1,1
624,0,1,21.0,16.1,0,0,1,0,0,1,1
625,0,1,61.0,32.3208,0,0,1,1,0,0,1
626,0,1,57.0,12.35,0,1,0,0,1,0,1
627,1,0,21.0,77.9583,0,0,1,1,0,0,1
628,0,1,26.0,7.8958,0,0,1,0,0,1,1
629,0,1,29.6991176471,7.7333,0,1,0,0,0,1,1
630,1,1,80.0,30.0,0,0,1,1,0,0,1
631,0,1,51.0,7.0542,0,0,1,0,0,1,1
632,1,1,32.0,30.5,1,0,0,1,0,0,1
633,0,1,29.6991176471,0.0,0,0,1,1,0,0,1
634,0,0,9.0,27.9,0,0,1,0,0,1,6
635,1,0,28.0,13.0,0,0,1,0,1,0,1
636,0,1,32.0,7.925,0,0,1,0,0,1,1
637,0,1,31.0,26.25,0,0,1,0,1,0,3
638,0,0,41.0,39.6875,0,0,1,0,0,1,6
639,0,1,29.6991176471,16.1,0,0,1,0,0,1,2
640,0,1,20.0,7.8542,0,0,1,0,0,1,1
641,1,0,24.0,69.3,1,0,0,1,0,0,1
642,0,0,2.0,27.9,0,0,1,0,0,1,6
643,1,1,29.6991176471,56.4958,0,0,1,0,0,1,1
644,1,0,0.75,19.2583,1,0,0,0,0,1,4
645,1,1,48.0,76.7292,1,0,0,1,0,0,2
646,0,1,19.0,7.8958,0,0,1,0,0,1,1
647,1,1,56.0,35.5,1,0,0,1,0,0,1
648,0,1,29.6991176471,7.55,0,0,1,0,0,1,1
649,1,0,23.0,7.55,0,0,1,0,0,1,1
650,0,1,29.6991176471,7.8958,0,0,1,0,0,1,1
651,1,0,18.0,23.0,0,0,1,0,1,0,2
652,0,1,21.0,8.4333,0,0,1,0,0,1,1
653,1,0,29.6991176471,7.8292,0,1,0,0,0,1,1
654,0,0,18.0,6.75,0,1,0,0,0,1,1
655,0,1,24.0,73.5,0,0,1,0,1,0,3
656,0,1,29.6991176471,7.8958,0,0,1,0,0,1,1
657,0,0,32.0,15.5,0,1,0,0,0,1,3
658,0,1,23.0,13.0,0,0,1,0,1,0,1
659,0,1,58.0,113.275,1,0,0,1,0,0,3
660,1,1,50.0,133.65,0,0,1,1,0,0,3
661,0,1,40.0,7.225,1,0,0,0,0,1,1
662,0,1,47.0,25.5875,0,0,1,1,0,0,1
663,0,1,36.0,7.4958,0,0,1,0,0,1,1
664,1,1,20.0,7.925,0,0,1,0,0,1,2
665,0,1,32.0,73.5,0,0,1,0,1,0,3
666,0,1,25.0,13.0,0,0,1,0,1,0,1
667,0,1,29.6991176471,7.775,0,0,1,0,0,1,1
668,0,1,43.0,8.05,0,0,1,0,0,1,1
669,1,0,29.6991176471,52.0,0,0,1,1,0,0,2
670,1,0,40.0,39.0,0,0,1,0,1,0,3
671,0,1,31.0,52.0,0,0,1,1,0,0,2
672,0,1,70.0,10.5,0,0,1,0,1,0,1
673,1,1,31.0,13.0,0,0,1,0,1,0,1
674,0,1,29.6991176471,0.0,0,0,1,0,1,0,1
675,0,1,18.0,7.775,0,0,1,0,0,1,1
676,0,1,24.5,8.05,0,0,1,0,0,1,1
677,1,0,18.0,9.8417,0,0,1,0,0,1,1
678,0,0,43.0,46.9,0,0,1,0,0,1,8
679,1,1,36.0,512.3292,1,0,0,1,0,0,2
680,0,0,29.6991176471,8.1375,0,1,0,0,0,1,1
681,1,1,27.0,76.7292,1,0,0,1,0,0,1
682,0,1,20.0,9.225,0,0,1,0,0,1,1
683,0,1,14.0,46.9,0,0,1,0,0,1,8
684,0,1,60.0,39.0,0,0,1,0,1,0,3
685,0,1,25.0,41.5792,1,0,0,0,1,0,4
686,0,1,14.0,39.6875,0,0,1,0,0,1,6
687,0,1,19.0,10.1708,0,0,1,0,0,1,1
688,0,1,18.0,7.7958,0,0,1,0,0,1,1
689,1,0,15.0,211.3375,0,0,1,1,0,0,2
690,1,1,31.0,57.0,0,0,1,1,0,0,2
691,1,0,4.0,13.4167,1,0,0,0,0,1,2
692,1,1,29.6991176471,56.4958,0,0,1,0,0,1,1
693,0,1,25.0,7.225,1,0,0,0,0,1,1
694,0,1,60.0,26.55,0,0,1,1,0,0,1
695,0,1,52.0,13.5,0,0,1,0,1,0,1
696,0,1,44.0,8.05,0,0,1,0,0,1,1
697,1,0,29.6991176471,7.7333,0,1,0,0,0,1,1
698,0,1,49.0,110.8833,1,0,0,1,0,0,3
699,0,1,42.0,7.65,0,0,1,0,0,1,1
700,1,0,18.0,227.525,1,0,0,1,0,0,2
701,1,1,35.0,26.2875,0,0,1,1,0,0,1
702,0,0,18.0,14.4542,1,0,0,0,0,1,2
703,0,1,25.0,7.7417,0,1,0,0,0,1,1
704,0,1,26.0,7.8542,0,0,1,0,0,1,2
705,0,1,39.0,26.0,0,0,1,0,1,0,1
706,1,0,45.0,13.5,0,0,1,0,1,0,1
707,1,1,42.0,26.2875,0,0,1,1,0,0,1
708,1,0,22.0,151.55,0,0,1,1,0,0,1
709,1,1,29.6991176471,15.2458,1,0,0,0,0,1,3
710,1,0,24.0,49.5042,1,0,0,1,0,0,1
711,0,1,29.6991176471,26.55,0,0,1,1,0,0,1
712,1,1,48.0,52.0,0,0,1,1,0,0,2
713,0,1,29.0,9.4833,0,0,1,0,0,1,1
714,0,1,52.0,13.0,0,0,1,0,1,0,1
715,0,1,19.0,7.65,0,0,1,0,0,1,1
716,1,0,38.0,227.525,1,0,0,1,0,0,1
717,1,0,27.0,10.5,0,0,1,0,1,0,1
718,0,1,29.6991176471,15.5,0,1,0,0,0,1,1
719,0,1,33.0,7.775,0,0,1,0,0,1,1
720,1,0,6.0,33.0,0,0,1,0,1,0,2
721,0,1,17.0,7.0542,0,0,1,0,0,1,2
722,0,1,34.0,13.0,0,0,1,0,1,0,1
723,0,1,50.0,13.0,0,0,1,0,1,0,1
724,1,1,27.0,53.1,0,0,1,1,0,0,2
725,0,1,20.0,8.6625,0,0,1,0,0,1,1
726,1,0,30.0,21.0,0,0,1,0,1,0,4
727,1,0,29.6991176471,7.7375,0,1,0,0,0,1,1
728,0,1,25.0,26.0,0,0,1,0,1,0,2
729,0,0,25.0,7.925,0,0,1,0,0,1,2
730,1,0,29.0,211.3375,0,0,1,1,0,0,1
731,0,1,11.0,18.7875,1,0,0,0,0,1,1
732,0,1,29.6991176471,0.0,0,0,1,0,1,0,1
733,0,1,23.0,13.0,0,0,1,0,1,0,1
734,0,1,23.0,13.0,0,0,1,0,1,0,1
735,0,1,28.5,16.1,0,0,1,0,0,1,1
736,0,0,48.0,34.375,0,0,1,0,0,1,5
737,1,1,35.0,512.3292,1,0,0,1,0,0,1
738,0,1,29.6991176471,7.8958,0,0,1,0,0,1,1
739,0,1,29.6991176471,7.8958,0,0,1,0,0,1,1
740,1,1,29.6991176471,30.0,0,0,1,1,0,0,1
741,0,1,36.0,78.85,0,0,1,1,0,0,2
742,1,0,21.0,262.375,1,0,0,1,0,0,5
743,0,1,24.0,16.1,0,0,1,0,0,1,2
744,1,1,31.0,7.925,0,0,1,0,0,1,1
745,0,1,70.0,71.0,0,0,1,1,0,0,3
746,0,1,16.0,20.25,0,0,1,0,0,1,3
747,1,0,30.0,13.0,0,0,1,0,1,0,1
748,0,1,19.0,53.1,0,0,1,1,0,0,2
749,0,1,31.0,7.75,0,1,0,0,0,1,1
750,1,0,4.0,23.0,0,0,1,0,1,0,3
751,1,1,6.0,12.475,0,0,1,0,0,1,2
752,0,1,33.0,9.5,0,0,1,0,0,1,1
753,0,1,23.0,7.8958,0,0,1,0,0,1,1
754,1,0,48.0,65.0,0,0,1,0,1,0,4
755,1,1,0.67,14.5,0,0,1,0,1,0,3
756,0,1,28.0,7.7958,0,0,1,0,0,1,1
757,0,1,18.0,11.5,0,0,1,0,1,0,1
758,0,1,34.0,8.05,0,0,1,0,0,1,1
759,1,0,33.0,86.5,0,0,1,1,0,0,1
760,0,1,29.6991176471,14.5,0,0,1,0,0,1,1
761,0,1,41.0,7.125,0,0,1,0,0,1,1
762,1,1,20.0,7.2292,1,0,0,0,0,1,1
763,1,0,36.0,120.0,0,0,1,1,0,0,4
764,0,1,16.0,7.775,0,0,1,0,0,1,1
765,1,0,51.0,77.9583,0,0,1,1,0,0,2
766,0,1,29.6991176471,39.6,1,0,0,1,0,0,1
767,0,0,30.5,7.75,0,1,0,0,0,1,1
768,0,1,29.6991176471,24.15,0,1,0,0,0,1,2
769,0,1,32.0,8.3625,0,0,1,0,0,1,1
770,0,1,24.0,9.5,0,0,1,0,0,1,1
771,0,1,48.0,7.8542,0,0,1,0,0,1,1
772,0,0,57.0,10.5,0,0,1,0,1,0,1
773,0,1,29.6991176471,7.225,1,0,0,0,0,1,1
774,1,0,54.0,23.0,0,0,1,0,1,0,5
775,0,1,18.0,7.75,0,0,1,0,0,1,1
776,0,1,29.6991176471,7.75,0,1,0,0,0,1,1
777,1,0,5.0,12.475,0,0,1,0,0,1,1
778,0,1,29.6991176471,7.7375,0,1,0,0,0,1,1
779,1,0,43.0,211.3375,0,0,1,1,0,0,2
780,1,0,13.0,7.2292,1,0,0,0,0,1,1
781,1,0,17.0,57.0,0,0,1,1,0,0,2
782,0,1,29.0,30.0,0,0,1,1,0,0,1
783,0,1,29.6991176471,23.45,0,0,1,0,0,1,4
784,0,1,25.0,7.05,0,0,1,0,0,1,1
785,0,1,25.0,7.25,0,0,1,0,0,1,1
786,1,0,18.0,7.4958,0,0,1,0,0,1,1
787,0,1,8.0,29.125,0,1,0,0,0,1,6
788,1,1,1.0,20.575,0,0,1,0,0,1,4
789,0,1,46.0,79.2,1,0,0,1,0,0,1
790,0,1,29.6991176471,7.75,0,1,0,0,0,1,1
791,0,1,16.0,26.0,0,0,1,0,1,0,1
792,0,0,29.6991176471,69.55,0,0,1,0,0,1,11
793,0,1,29.6991176471,30.6958,1,0,0,1,0,0,1
794,0,1,25.0,7.8958,0,0,1,0,0,1,1
795,0,1,39.0,13.0,0,0,1,0,1,0,1
796,1,0,49.0,25.9292,0,0,1,1,0,0,1
797,1,0,31.0,8.6833,0,0,1,0,0,1,1
798,0,1,30.0,7.2292,1,0,0,0,0,1,1
799,0,0,30.0,24.15,0,0,1,0,0,1,3
800,0,1,34.0,13.0,0,0,1,0,1,0,1
801,1,0,31.0,26.25,0,0,1,0,1,0,3
802,1,1,11.0,120.0,0,0,1,1,0,0,4
803,1,1,0.42,8.5167,1,0,0,0,0,1,2
804,1,1,27.0,6.975,0,0,1,0,0,1,1
805,0,1,31.0,7.775,0,0,1,0,0,1,1
806,0,1,39.0,0.0,0,0,1,1,0,0,1
807,0,0,18.0,7.775,0,0,1,0,0,1,1
808,0,1,39.0,13.0,0,0,1,0,1,0,1
809,1,0,33.0,53.1,0,0,1,1,0,0,2
810,0,1,26.0,7.8875,0,0,1,0,0,1,1
811,0,1,39.0,24.15,0,0,1,0,0,1,1
812,0,1,35.0,10.5,0,0,1,0,1,0,1
813,0,0,6.0,31.275,0,0,1,0,0,1,7
814,0,1,30.5,8.05,0,0,1,0,0,1,1
815,0,1,29.6991176471,0.0,0,0,1,1,0,0,1
816,0,0,23.0,7.925,0,0,1,0,0,1,1
817,0,1,31.0,37.0042,1,0,0,0,1,0,3
818,0,1,43.0,6.45,0,0,1,0,0,1,1
819,0,1,10.0,27.9,0,0,1,0,0,1,6
820,1,0,52.0,93.5,0,0,1,1,0,0,3
821,1,1,27.0,8.6625,0,0,1,0,0,1,1
822,0,1,38.0,0.0,0,0,1,1,0,0,1
823,1,0,27.0,12.475,0,0,1,0,0,1,2
824,0,1,2.0,39.6875,0,0,1,0,0,1,6
825,0,1,29.6991176471,6.95,0,1,0,0,0,1,1
826,0,1,29.6991176471,56.4958,0,0,1,0,0,1,1
827,1,1,1.0,37.0042,1,0,0,0,1,0,3
828,1,1,29.6991176471,7.75,0,1,0,0,0,1,1
829,1,0,62.0,80.0,0,0,1,1,0,0,1
830,1,0,15.0,14.4542,1,0,0,0,0,1,2
831,1,1,0.83,18.75,0,0,1,0,1,0,3
832,0,1,29.6991176471,7.2292,1,0,0,0,0,1,1
833,0,1,23.0,7.8542,0,0,1,0,0,1,1
834,0,1,18.0,8.3,0,0,1,0,0,1,1
835,1,0,39.0,83.1583,1,0,0,1,0,0,3
836,0,1,21.0,8.6625,0,0,1,0,0,1,1
837,0,1,29.6991176471,8.05,0,0,1,0,0,1,1
838,1,1,32.0,56.4958,0,0,1,0,0,1,1
839,1,1,29.6991176471,29.7,1,0,0,1,0,0,1
840,0,1,20.0,7.925,0,0,1,0,0,1,1
841,0,1,16.0,10.5,0,0,1,0,1,0,1
842,1,0,30.0,31.0,1,0,0,1,0,0,1
843,0,1,34.5,6.4375,1,0,0,0,0,1,1
844,0,1,17.0,8.6625,0,0,1,0,0,1,1
845,0,1,42.0,7.55,0,0,1,0,0,1,1
846,0,1,29.6991176471,69.55,0,0,1,0,0,1,11
847,0,1,35.0,7.8958,1,0,0,0,0,1,1
848,0,1,28.0,33.0,0,0,1,0,1,0,2
849,1,0,29.6991176471,89.1042,1,0,0,1,0,0,2
850,0,1,4.0,31.275,0,0,1,0,0,1,7
851,0,1,74.0,7.775,0,0,1,0,0,1,1
852,0,0,9.0,15.2458,1,0,0,0,0,1,3
853,1,0,16.0,39.4,0,0,1,1,0,0,2
854,0,0,44.0,26.0,0,0,1,0,1,0,2
855,1,0,18.0,9.35,0,0,1,0,0,1,2
856,1,0,45.0,164.8667,0,0,1,1,0,0,3
857,1,1,51.0,26.55,0,0,1,1,0,0,1
858,1,0,24.0,19.2583,1,0,0,0,0,1,4
859,0,1,29.6991176471,7.2292,1,0,0,0,0,1,1
860,0,1,41.0,14.1083,0,0,1,0,0,1,3
861,0,1,21.0,11.5,0,0,1,0,1,0,2
862,1,0,48.0,25.9292,0,0,1,1,0,0,1
863,0,0,29.6991176471,69.55,0,0,1,0,0,1,11
864,0,1,24.0,13.0,0,0,1,0,1,0,1
865,1,0,42.0,13.0,0,0,1,0,1,0,1
866,1,0,27.0,13.8583,1,0,0,0,1,0,2
867,0,1,31.0,50.4958,0,0,1,1,0,0,1
868,0,1,29.6991176471,9.5,0,0,1,0,0,1,1
869,1,1,4.0,11.1333,0,0,1,0,0,1,3
870,0,1,26.0,7.8958,0,0,1,0,0,1,1
871,1,0,47.0,52.5542,0,0,1,1,0,0,3
872,0,1,33.0,5.0,0,0,1,1,0,0,1
873,0,1,47.0,9.0,0,0,1,0,0,1,1
874,1,0,28.0,24.0,1,0,0,0,1,0,2
875,1,0,15.0,7.225,1,0,0,0,0,1,1
876,0,1,20.0,9.8458,0,0,1,0,0,1,1
877,0,1,19.0,7.8958,0,0,1,0,0,1,1
878,0,1,29.6991176471,7.8958,0,0,1,0,0,1,1
879,1,0,56.0,83.1583,1,0,0,1,0,0,2
880,1,0,25.0,26.0,0,0,1,0,1,0,2
881,0,1,33.0,7.8958,0,0,1,0,0,1,1
882,0,0,22.0,10.5167,0,0,1,0,0,1,1
883,0,1,28.0,10.5,0,0,1,0,1,0,1
884,0,1,25.0,7.05,0,0,1,0,0,1,1
885,0,0,39.0,29.125,0,1,0,0,0,1,6
886,0,1,27.0,13.0,0,0,1,0,1,0,1
887,1,0,19.0,30.0,0,0,1,1,0,0,1
888,0,0,29.6991176471,23.45,0,0,1,0,0,1,4
889,1,1,26.0,30.0,1,0,0,1,0,0,1
890,0,1,32.0,7.75,0,1,0,0,0,1,1
